<editors>

  <editor id="ActMasterBedroom">
    <range uom="25" subset="0-7" nls="MASTERBEDROOM"/>
  </editor>

  <!-- === Device 'IQAir Climate Control', Type=ClimateControl, Manufacturer=IQAir, Model=HealthPro -->
  <!-- full subset = 0,1,2,3,4,5 -->
  <editor id="Btn34201219">
    <range uom="25" subset="0-5" nls="BTN"/>
  </editor>

  <!-- === Device 'Sony TV', Type=Television, Manufacturer=Sony, Model=XBR-55A1E -->
  <!-- full subset = 0,1,6,7,8,9,10,11,12,13,14,15,16,17,18,19,20,21,22,23,24,25,26,27,28,29,30,31,32,33,34,35,36,37,38,39,40,41,42,43,44,45,46,47,48,49,50,51,52,53,54,55,56,57,58,59,60,61,62,63,64,65,66,67,68,69 -->
  <editor id="Btn46708064">
    <range uom="25" subset="0-1,6-69" nls="BTN"/>
  </editor>

  <!-- === Device 'Sony DVD', Type=DVD, Manufacturer=Sony, Model=BDP-S580 -->
  <!-- full subset = 0,1,6,8,9,10,11,12,13,14,15,16,17,24,25,26,27,28,29,30,31,32,33,35,36,37,38,42,43,44,45,50,51,57,70,71,72,73,74,75,76,77 -->
  <editor id="Btn31347379">
    <range uom="25" subset="0-1,6,8-17,24-33,35-38,42-45,50-51,57,70-77" nls="BTN"/>
  </editor>

  <!-- === Device 'Yamaha Amp', Type=Amplifier, Manufacturer=Yamaha, Model=YAS-706 -->
  <!-- full subset = 6,18,19,20,24,25,26,27,28,47,60,61,65,71,78,79,80,81,82,83,84,85,86,87,88,89,90,91,92,93,94,95 -->
  <editor id="Btn46708122">
    <range uom="25" subset="6,18-20,24-28,47,60-61,65,71,78-95" nls="BTN"/>
  </editor>

  <!-- === Device 'Amazon Fire TV', Type=Default, Manufacturer=Amazon, Model=Fire TV -->
  <!-- full subset = 24,25,26,27,28,29,30,31,32,33,35,36,39,48,57,73,96,97 -->
  <editor id="Btn41336071">
    <range uom="25" subset="24-33,35-36,39,48,57,73,96-97" nls="BTN"/>
  </editor>

  <!-- === Device 'Chromecast Audio', Type=MediaCenterPC, Manufacturer=Google, Model=Chromecast -->
  <!-- full subset =  -->
  <editor id="Btn31347642">
    <range uom="25" subset="" nls="BTN"/>
  </editor>

  <!-- === Device 'TiVo DVR', Type=PVR, Manufacturer=TiVo, Model=TCDA93000 -->
  <!-- full subset = 6,8,9,10,11,12,13,14,15,16,17,18,19,20,21,22,23,24,25,26,27,28,30,31,32,33,34,35,36,39,42,43,44,45,46,47,98,99,100,101,102,103,104,105,106,107,108,109,110,111,112 -->
  <editor id="Btn31347608">
    <range uom="25" subset="6,8-28,30-36,39,42-47,98-112" nls="BTN"/>
  </editor>

  <editor id="ActFamilyRoom">
    <range uom="25" subset="0,8-16" nls="FAMILYROOM"/>
  </editor>

  <!-- === Device 'Denon AV Receiver 2', Type=StereoReceiver, Manufacturer=Denon, Model=AVR-4306 (Zone 2) -->
  <!-- full subset = 0,1,18,19,20,65,113,114,115,116,117,118,119,120,121,122,123,124,125 -->
  <editor id="Btn46754017">
    <range uom="25" subset="0-1,18-20,65,113-125" nls="BTN"/>
  </editor>

  <!-- === Device 'Yamaha Amp', Type=Amplifier, Manufacturer=Yamaha, Model=YSP-5600 -->
  <!-- full subset = 6,18,19,20,24,25,26,27,28,47,60,61,62,63,65,71,78,80,82,84,89,90,91,92,93,94,126,127,128,129,130,131,132,133,134,135,136,137,138,139,140,141,142,143,144,145 -->
  <editor id="Btn46972533">
    <range uom="25" subset="6,18-20,24-28,47,60-63,65,71,78,80,82,84,89-94,126-145" nls="BTN"/>
  </editor>

  <!-- === Device 'Wii', Type=GameConsole, Manufacturer=Nintendo, Model=Wii -->
  <!-- full subset = 6,24,25,26,27,57,146,147,148,149,150,151,152,153 -->
  <editor id="Btn47074819">
    <range uom="25" subset="6,24-27,57,146-153" nls="BTN"/>
  </editor>

  <!-- === Device 'DVD', Type=DVD, Manufacturer=Samsung, Model=bdem59c -->
  <!-- full subset = 6,8,9,10,11,12,13,14,15,16,17,24,25,26,27,28,29,30,31,32,33,35,36,37,38,42,43,44,45,47,48,51,57,70,71,72,73,76,102,103,104,105,154,155,156,157,158 -->
  <editor id="Btn46754009">
    <range uom="25" subset="6,8-17,24-33,35-38,42-45,47-48,51,57,70-73,76,102-105,154-158" nls="BTN"/>
  </editor>

  <!-- === Device 'Chromecast Audio', Type=MediaCenterPC, Manufacturer=Google, Model=Chromecast Audio -->
  <!-- full subset =  -->
  <editor id="Btn46754018">
    <range uom="25" subset="" nls="BTN"/>
  </editor>

  <!-- === Device 'Amazon Fire TV', Type=Default, Manufacturer=Amazon, Model=Fire TV -->
  <!-- full subset = 24,25,26,27,28,29,30,31,32,33,35,36,39,48,57,73,96,97 -->
  <editor id="Btn46754019">
    <range uom="25" subset="24-33,35-36,39,48,57,73,96-97" nls="BTN"/>
  </editor>

  <!-- === Device 'Family Room TV', Type=Television, Manufacturer=Sony, Model=XBR-75Z9D -->
  <!-- full subset = 0,1,6,7,8,9,10,11,12,13,14,15,16,17,18,19,20,21,22,23,24,25,26,27,28,29,30,31,32,33,34,35,36,37,38,39,39,40,41,42,43,44,45,46,47,48,49,51,52,53,54,56,57,58,59,60,61,62,63,64,65,66,67,68,69,71,159 -->
  <editor id="Btn46972372">
    <range uom="25" subset="0-1,6-39,39-49,51-54,56-69,71,159" nls="BTN"/>
  </editor>

  <!-- === Device 'Denon AV Receiver', Type=StereoReceiver, Manufacturer=Denon, Model=AVR-4306 -->
  <!-- full subset = 0,1,8,9,10,11,12,13,14,15,16,17,18,19,20,24,25,26,27,28,50,65,73,78,85,87,92,96,113,114,115,116,117,119,121,122,123,160,161,162,163,164,165,166,167,168,169,170,171,172,173,174,175,176,177,178,179,180,181,182,183,184,185,186,187,188,189,190,191,192,193,194,195,196,197,198,199,200,201,202,203,204,205,206,207,208,209,210,211,212,213,214,215,216,217,218,219,220,221,222,223,224,225,226,227,228,229,230,231,232,233,234,235,236,237,238,239,240,241,242,243,244,245,246,247,248 -->
  <editor id="Btn46754012">
    <range uom="25" subset="0-1,8-20,24-28,50,65,73,78,85,87,92,96,113-117,119,121-123,160-248" nls="BTN"/>
  </editor>

  <!-- === Device 'ISY', Type=Default, Manufacturer=Universal Devices, Model=ISY994i -->
  <!-- full subset =  -->
  <editor id="Btn46754014">
    <range uom="25" subset="" nls="BTN"/>
  </editor>

  <!-- === Device 'TiVo Roamio Pro', Type=PVR, Manufacturer=TiVo, Model=Roamio Pro -->
  <!-- full subset = 6,8,9,10,11,12,13,14,15,16,17,21,22,23,24,25,26,27,28,30,31,32,33,34,35,36,42,43,44,45,46,47,49,98,100,101,106,107,108,109,249,250 -->
  <editor id="Btn46754015">
    <range uom="25" subset="6,8-17,21-28,30-36,42-47,49,98,100-101,106-109,249-250" nls="BTN"/>
  </editor>
</editors>