<editors>

  <editor id="Acta0297dd01af4">
    <range uom="25" subset="0-9" nls="A0297DD01AF4"/>
  </editor>

  <!-- === Device 'Denon AV Receiver 2', Type=StereoReceiver, Manufacturer=Denon, Model=AVR-4306 (Zone 2) -->
  <!-- full subset = 0,1,2,3,4,5,6,7,8,9,10,11,12,13,14,15,16,17,18 -->
  <editor id="Btn46754017">
    <range uom="25" subset="0-18" nls="BTN"/>
  </editor>

  <!-- === Device 'Yamaha Amp', Type=Amplifier, Manufacturer=Yamaha, Model=YSP-5600 -->
  <!-- full subset = 2,3,4,12,19,20,21,22,23,24,25,26,27,28,29,30,31,32,33,34,35,36,37,38,39,40,41,42,43,44,45,46,47,48,49,50,51,52,53,54,55,56,57,58,59,60 -->
  <editor id="Btn46972533">
    <range uom="25" subset="2-4,12,19-60" nls="BTN"/>
  </editor>

  <!-- === Device 'Wii', Type=GameConsole, Manufacturer=Nintendo, Model=Wii -->
  <!-- full subset = 19,20,21,22,23,61,62,63,64,65,66,67,68,69 -->
  <editor id="Btn47074819">
    <range uom="25" subset="19-23,61-69" nls="BTN"/>
  </editor>

  <!-- === Device 'DVD', Type=DVD, Manufacturer=Samsung, Model=bdem59c -->
  <!-- full subset = 19,20,21,22,23,24,25,27,68,70,71,72,73,74,75,76,77,78,79,80,81,82,83,84,85,86,87,88,89,90,91,92,93,94,95,96,97,98,99,100,101,102,103,104,105,106,107 -->
  <editor id="Btn46754009">
    <range uom="25" subset="19-25,27,68,70-107" nls="BTN"/>
  </editor>

  <!-- === Device 'Chromecast Audio', Type=MediaCenterPC, Manufacturer=Google, Model=Chromecast Audio -->
  <!-- full subset =  -->
  <editor id="Btn46754018">
    <range uom="25" subset="" nls="BTN"/>
  </editor>

  <!-- === Device 'Amazon Fire TV', Type=Default, Manufacturer=Amazon, Model=Fire TV -->
  <!-- full subset = 20,21,22,23,24,68,80,81,82,84,85,86,87,89,100,108,109,110 -->
  <editor id="Btn46754019">
    <range uom="25" subset="20-24,68,80-82,84-87,89,100,108-110" nls="BTN"/>
  </editor>

  <!-- === Device 'Family Room TV', Type=Television, Manufacturer=Sony, Model=XBR-75Z9D -->
  <!-- full subset = 0,1,2,3,4,12,19,20,21,22,23,24,25,27,42,43,44,45,68,70,71,72,73,74,75,76,77,78,79,80,81,82,84,85,86,87,90,91,96,97,98,99,100,101,108,108,111,112,113,114,115,116,117,118,119,120,121,122,123,124,125,126,127,128,129,130,131 -->
  <editor id="Btn46972372">
    <range uom="25" subset="0-4,12,19-25,27,42-45,68,70-82,84-87,90-91,96-101,108,108,111-131" nls="BTN"/>
  </editor>

  <!-- === Device 'Denon AV Receiver', Type=StereoReceiver, Manufacturer=Denon, Model=AVR-4306 -->
  <!-- full subset = 0,1,2,3,4,5,6,7,8,9,11,12,14,15,16,20,21,22,23,24,26,52,70,71,72,73,74,75,76,77,78,79,89,109,132,133,134,135,136,137,138,139,140,141,142,143,144,145,146,147,148,149,150,151,152,153,154,155,156,157,158,159,160,161,162,163,164,165,166,167,168,169,170,171,172,173,174,175,176,177,178,179,180,181,182,183,184,185,186,187,188,189,190,191,192,193,194,195,196,197,198,199,200,201,202,203,204,205,206,207,208,209,210,211,212,213,214,215,216,217,218,219,220,221,222,223 -->
  <editor id="Btn46754012">
    <range uom="25" subset="0-9,11-12,14-16,20-24,26,52,70-79,89,109,132-223" nls="BTN"/>
  </editor>

  <!-- === Device 'ISY', Type=Default, Manufacturer=Universal Devices, Model=ISY994i -->
  <!-- full subset =  -->
  <editor id="Btn46754014">
    <range uom="25" subset="" nls="BTN"/>
  </editor>

  <!-- === Device 'TiVo Roamio Pro', Type=PVR, Manufacturer=TiVo, Model=Roamio Pro -->
  <!-- full subset = 19,20,21,22,23,24,27,70,71,72,73,74,75,76,77,78,79,81,82,84,85,86,87,96,97,98,99,112,113,114,115,118,119,224,225,226,227,228,229,230,231,232 -->
  <editor id="Btn46754015">
    <range uom="25" subset="19-24,27,70-79,81-82,84-87,96-99,112-115,118-119,224-232" nls="BTN"/>
  </editor>

  <editor id="Act717dec27ca2d">
    <range uom="25" subset="0,10-16" nls="717DEC27CA2D"/>
  </editor>

  <!-- === Device 'IQAir Climate Control', Type=ClimateControl, Manufacturer=IQAir, Model=HealthPro -->
  <!-- full subset = 0,1,233,234,235,236 -->
  <editor id="Btn34201219">
    <range uom="25" subset="0-1,233-236" nls="BTN"/>
  </editor>

  <!-- === Device 'Sony TV', Type=Television, Manufacturer=Sony, Model=XBR-55A1E -->
  <!-- full subset = 0,1,2,3,4,12,19,20,21,22,23,24,27,42,43,44,45,68,70,71,72,73,74,75,76,77,78,79,80,81,82,84,85,86,87,90,91,96,97,98,99,100,101,108,111,112,113,114,115,116,117,118,119,120,121,122,124,125,126,127,128,129,130,131,136,237 -->
  <editor id="Btn46708064">
    <range uom="25" subset="0-4,12,19-24,27,42-45,68,70-82,84-87,90-91,96-101,108,111-122,124-131,136,237" nls="BTN"/>
  </editor>

  <!-- === Device 'Sony DVD', Type=DVD, Manufacturer=Sony, Model=BDP-S580 -->
  <!-- full subset = 0,1,19,20,21,22,23,24,25,68,70,71,72,73,74,75,76,77,78,79,80,81,82,83,84,85,86,87,88,89,90,91,96,97,98,99,101,105,136,238,239,240 -->
  <editor id="Btn31347379">
    <range uom="25" subset="0-1,19-25,68,70-91,96-99,101,105,136,238-240" nls="BTN"/>
  </editor>

  <!-- === Device 'Yamaha Amp', Type=Amplifier, Manufacturer=Yamaha, Model=YAS-706 -->
  <!-- full subset = 2,3,4,12,19,20,21,22,23,24,25,26,27,30,41,42,43,46,48,49,50,52,53,54,180,181,241,242,243,244,245,246 -->
  <editor id="Btn46708122">
    <range uom="25" subset="2-4,12,19-27,30,41-43,46,48-50,52-54,180-181,241-246" nls="BTN"/>
  </editor>

  <!-- === Device 'Amazon Fire TV', Type=Default, Manufacturer=Amazon, Model=Fire TV -->
  <!-- full subset = 20,21,22,23,24,68,80,81,82,84,85,86,87,89,100,108,109,110 -->
  <editor id="Btn41336071">
    <range uom="25" subset="20-24,68,80-82,84-87,89,100,108-110" nls="BTN"/>
  </editor>

  <!-- === Device 'Chromecast Audio', Type=MediaCenterPC, Manufacturer=Google, Model=Chromecast -->
  <!-- full subset =  -->
  <editor id="Btn31347642">
    <range uom="25" subset="" nls="BTN"/>
  </editor>

  <!-- === Device 'TiVo DVR', Type=PVR, Manufacturer=TiVo, Model=TCDA93000 -->
  <!-- full subset = 2,3,4,19,20,21,22,23,24,27,70,71,72,73,74,75,76,77,78,79,81,82,84,85,86,87,92,93,94,95,96,97,98,99,108,112,113,114,115,118,224,225,226,227,228,229,230,247,248,249,250 -->
  <editor id="Btn31347608">
    <range uom="25" subset="2-4,19-24,27,70-79,81-82,84-87,92-99,108,112-115,118,224-230,247-250" nls="BTN"/>
  </editor>
</editors>