<nodeDefs>

  <!-- === Hub: h78fca0535ae84 'Family Room' -->

  <nodeDef id="h78fca0535ae84" nodeType="139" nls="HARMONYHUB">
    <sts>
      <st id="ST" editor="HUBST" />
      <st id="GV3" editor="Acth78fca0535ae84" />
    </sts>
    <cmds>
      <sends>
    <cmd id="DON" />
    <cmd id="DOF" />
      </sends>
      <accepts>
        <cmd id="SET_ACTIVITY">
          <p id="" editor="Acth78fca0535ae84" init="GV3"/>
        </cmd>
        <cmd id="CHANGE_CHANNEL">
          <p id="" editor="CHANNEL"/>
        </cmd>
        <cmd id="QUERY" />
        <cmd id="DOF" />
        <cmd id="DFOF" />
      </accepts>
    </cmds>
  </nodeDef>

  <!-- === Device 'Denon AV Receiver 2', Type=StereoReceiver, Manufacturer=Denon, Model=AVR-4306 (Zone 2) -->
  <nodeDef id="d46754017" nodeType="139" nls="D46754017">
    <sts />
    <cmds>
      <sends />
      <accepts>
        <cmd id="SET_BUTTON">
          <p id="" editor="Btn46754017"/>
        </cmd>
        <cmd id="DON" />
        <cmd id="DOF" />
      </accepts>
    </cmds>
  </nodeDef>

  <!-- === Device 'Yamaha Amp', Type=Amplifier, Manufacturer=Yamaha, Model=YSP-5600 -->
  <nodeDef id="d46972533" nodeType="139" nls="D46972533">
    <sts />
    <cmds>
      <sends />
      <accepts>
        <cmd id="SET_BUTTON">
          <p id="" editor="Btn46972533"/>
        </cmd>
        <cmd id="DON" />
        <cmd id="DOF" />
      </accepts>
    </cmds>
  </nodeDef>

  <!-- === Device 'Wii', Type=GameConsole, Manufacturer=Nintendo, Model=Wii -->
  <nodeDef id="d47074819" nodeType="139" nls="D47074819">
    <sts />
    <cmds>
      <sends />
      <accepts>
        <cmd id="SET_BUTTON">
          <p id="" editor="Btn47074819"/>
        </cmd>
        <cmd id="DON" />
        <cmd id="DOF" />
      </accepts>
    </cmds>
  </nodeDef>

  <!-- === Device 'DVD', Type=DVD, Manufacturer=Samsung, Model=bdem59c -->
  <nodeDef id="d46754009" nodeType="139" nls="D46754009">
    <sts />
    <cmds>
      <sends />
      <accepts>
        <cmd id="SET_BUTTON">
          <p id="" editor="Btn46754009"/>
        </cmd>
        <cmd id="DON" />
        <cmd id="DOF" />
      </accepts>
    </cmds>
  </nodeDef>

  <!-- === Device 'Chromecast Audio', Type=MediaCenterPC, Manufacturer=Google, Model=Chromecast Audio -->
  <nodeDef id="d46754018" nodeType="139" nls="D46754018">
    <sts />
    <cmds>
      <sends />
      <accepts>
        <cmd id="SET_BUTTON">
          <p id="" editor="Btn46754018"/>
        </cmd>
        <cmd id="DON" />
        <cmd id="DOF" />
      </accepts>
    </cmds>
  </nodeDef>

  <!-- === Device 'Amazon Fire TV', Type=Default, Manufacturer=Amazon, Model=Fire TV -->
  <nodeDef id="d46754019" nodeType="139" nls="D46754019">
    <sts />
    <cmds>
      <sends />
      <accepts>
        <cmd id="SET_BUTTON">
          <p id="" editor="Btn46754019"/>
        </cmd>
        <cmd id="DON" />
        <cmd id="DOF" />
      </accepts>
    </cmds>
  </nodeDef>

  <!-- === Device 'Family Room TV', Type=Television, Manufacturer=Sony, Model=XBR-75Z9D -->
  <nodeDef id="d46972372" nodeType="139" nls="D46972372">
    <sts />
    <cmds>
      <sends />
      <accepts>
        <cmd id="SET_BUTTON">
          <p id="" editor="Btn46972372"/>
        </cmd>
        <cmd id="DON" />
        <cmd id="DOF" />
      </accepts>
    </cmds>
  </nodeDef>

  <!-- === Device 'Denon AV Receiver', Type=StereoReceiver, Manufacturer=Denon, Model=AVR-4306 -->
  <nodeDef id="d46754012" nodeType="139" nls="D46754012">
    <sts />
    <cmds>
      <sends />
      <accepts>
        <cmd id="SET_BUTTON">
          <p id="" editor="Btn46754012"/>
        </cmd>
        <cmd id="DON" />
        <cmd id="DOF" />
      </accepts>
    </cmds>
  </nodeDef>

  <!-- === Device 'ISY', Type=Default, Manufacturer=Universal Devices, Model=ISY994i -->
  <nodeDef id="d46754014" nodeType="139" nls="D46754014">
    <sts />
    <cmds>
      <sends />
      <accepts>
        <cmd id="SET_BUTTON">
          <p id="" editor="Btn46754014"/>
        </cmd>
        <cmd id="DON" />
        <cmd id="DOF" />
      </accepts>
    </cmds>
  </nodeDef>

  <!-- === Device 'TiVo Roamio Pro', Type=PVR, Manufacturer=TiVo, Model=Roamio Pro -->
  <nodeDef id="d46754015" nodeType="139" nls="D46754015">
    <sts />
    <cmds>
      <sends />
      <accepts>
        <cmd id="SET_BUTTON">
          <p id="" editor="Btn46754015"/>
        </cmd>
        <cmd id="DON" />
        <cmd id="DOF" />
      </accepts>
    </cmds>
  </nodeDef>

  <!-- === Hub: hc7023e62b09c2 'Master Bedroom' -->

  <nodeDef id="hc7023e62b09c2" nodeType="139" nls="HARMONYHUB">
    <sts>
      <st id="ST" editor="HUBST" />
      <st id="GV3" editor="Acthc7023e62b09c2" />
    </sts>
    <cmds>
      <sends>
    <cmd id="DON" />
    <cmd id="DOF" />
      </sends>
      <accepts>
        <cmd id="SET_ACTIVITY">
          <p id="" editor="Acthc7023e62b09c2" init="GV3"/>
        </cmd>
        <cmd id="CHANGE_CHANNEL">
          <p id="" editor="CHANNEL"/>
        </cmd>
        <cmd id="QUERY" />
        <cmd id="DOF" />
        <cmd id="DFOF" />
      </accepts>
    </cmds>
  </nodeDef>

  <!-- === Device 'IQAir Climate Control', Type=ClimateControl, Manufacturer=IQAir, Model=HealthPro -->
  <nodeDef id="d34201219" nodeType="139" nls="D34201219">
    <sts />
    <cmds>
      <sends />
      <accepts>
        <cmd id="SET_BUTTON">
          <p id="" editor="Btn34201219"/>
        </cmd>
        <cmd id="DON" />
        <cmd id="DOF" />
      </accepts>
    </cmds>
  </nodeDef>

  <!-- === Device 'Sony TV', Type=Television, Manufacturer=Sony, Model=XBR-55A1E -->
  <nodeDef id="d46708064" nodeType="139" nls="D46708064">
    <sts />
    <cmds>
      <sends />
      <accepts>
        <cmd id="SET_BUTTON">
          <p id="" editor="Btn46708064"/>
        </cmd>
        <cmd id="DON" />
        <cmd id="DOF" />
      </accepts>
    </cmds>
  </nodeDef>

  <!-- === Device 'Sony DVD', Type=DVD, Manufacturer=Sony, Model=BDP-S580 -->
  <nodeDef id="d31347379" nodeType="139" nls="D31347379">
    <sts />
    <cmds>
      <sends />
      <accepts>
        <cmd id="SET_BUTTON">
          <p id="" editor="Btn31347379"/>
        </cmd>
        <cmd id="DON" />
        <cmd id="DOF" />
      </accepts>
    </cmds>
  </nodeDef>

  <!-- === Device 'Yamaha Amp', Type=Amplifier, Manufacturer=Yamaha, Model=YAS-706 -->
  <nodeDef id="d46708122" nodeType="139" nls="D46708122">
    <sts />
    <cmds>
      <sends />
      <accepts>
        <cmd id="SET_BUTTON">
          <p id="" editor="Btn46708122"/>
        </cmd>
        <cmd id="DON" />
        <cmd id="DOF" />
      </accepts>
    </cmds>
  </nodeDef>

  <!-- === Device 'Amazon Fire TV', Type=Default, Manufacturer=Amazon, Model=Fire TV -->
  <nodeDef id="d41336071" nodeType="139" nls="D41336071">
    <sts />
    <cmds>
      <sends />
      <accepts>
        <cmd id="SET_BUTTON">
          <p id="" editor="Btn41336071"/>
        </cmd>
        <cmd id="DON" />
        <cmd id="DOF" />
      </accepts>
    </cmds>
  </nodeDef>

  <!-- === Device 'Chromecast Audio', Type=MediaCenterPC, Manufacturer=Google, Model=Chromecast -->
  <nodeDef id="d31347642" nodeType="139" nls="D31347642">
    <sts />
    <cmds>
      <sends />
      <accepts>
        <cmd id="SET_BUTTON">
          <p id="" editor="Btn31347642"/>
        </cmd>
        <cmd id="DON" />
        <cmd id="DOF" />
      </accepts>
    </cmds>
  </nodeDef>

  <!-- === Device 'TiVo DVR', Type=PVR, Manufacturer=TiVo, Model=TCDA93000 -->
  <nodeDef id="d31347608" nodeType="139" nls="D31347608">
    <sts />
    <cmds>
      <sends />
      <accepts>
        <cmd id="SET_BUTTON">
          <p id="" editor="Btn31347608"/>
        </cmd>
        <cmd id="DON" />
        <cmd id="DOF" />
      </accepts>
    </cmds>
  </nodeDef>
</nodeDefs>