<nodeDefs>
  <!-- === Harmony Hub Controller is the main node  ========================================  -->
  <nodeDef id="HarmonyController" nodeType="139" nls="HHCNTL">
    <sts>
      <!-- Device Status -->
      <st id="ST" editor="INTEGER" />
      <!-- Version Major -->
      <st id="GV1" editor="FLOAT" />
      <!-- Version Minor -->
      <st id="GV2" editor="FLOAT" />
      <!-- Number of Hubs -->
      <st id="GV3" editor="INTEGER" />
      <!-- Debug Mode -->
      <st id="GV4" editor="DEBUGMODE" />
      <!-- shortpoll -->
      <st id="GV5" editor="INTEGER" />
      <!-- longpoll -->
      <st id="GV6" editor="INTEGER" />
      <!-- profile status -->
      <st id="GV7" editor="PROFILE_STATUS" />
      <!-- auto discover status -->
      <st id="GV8" editor="AUTODI" />
    </sts>
    <cmds>
      <sends>
        <cmd id="DON" />
        <cmd id="DOF" />
      </sends>
      <accepts>
        <cmd id="SET_DEBUGMODE">
          <p id="" editor="DEBUGMODE" init="GV4" />
        </cmd>
        <cmd id="SET_SHORTPOLL">
          <p id="" editor="INTEGER" init="GV5" />
        </cmd>
        <cmd id="SET_LONGPOLL">
          <p id="" editor="INTEGER" init="GV6" />
        </cmd>
        <cmd id="SET_DISCOVER_MODE">
          <p id="" editor="AUTODI" init="GV8" />
        </cmd>
        <cmd id="QUERY" />
        <cmd id="DISCOVER" />
        <cmd id="INSTALL_PROFILE" />
        <cmd id="BUILD_PROFILE" />
      </accepts>
    </cmds>
  </nodeDef>
  <nodeDef id="HubDefault" nodeType="139" nls="HARMONYHUB">
    <sts>
      <st id="ST" editor="HUBST" />
      <st id="GV3" editor="ActDefault" />
    </sts>
    <cmds>
      <sends>
        <cmd id="DON" />
      </sends>
      <accepts>
        <cmd id="SET_ACTIVITY">
          <p id="" editor="ActDefault" init="GV3" />
        </cmd>
        <cmd id="CHANGE_CHANNEL">
          <p id="" editor="CHANNEL" />
        </cmd>
        <cmd id="DOF" />
        <cmd id="DFOF" />
        <cmd id="REBOOT" />
        <cmd id="QUERY" />
      </accepts>
    </cmds>
  </nodeDef>
  <nodeDef id="DeviceDefault" nodeType="139" nls="DEVICEDEFAULT">
    <sts />
    <cmds>
      <sends />
      <accepts>
        <cmd id="SET_BUTTON">
          <p id="" editor="BtnDefault" />
        </cmd>
        <cmd id="CHANGE_CHANNEL">
          <p id="" editor="CHANNEL" />
        </cmd>
      </accepts>
    </cmds>
  </nodeDef>
  <nodeDef id="HarmonyActivity" nodeType="139" nls="HARMONYACTIVITY">
    <sts>
      <!-- Device Status -->
      <st id="ST" editor="ACTST" />
    </sts>
    <cmds>
      <sends>
        <cmd id="DON" />
        <cmd id="DOF" />
      </sends>
      <accepts>
        <cmd id="DON" />
        <cmd id="DOF" />
        <cmd id="QUERY" />
      </accepts>
    </cmds>
  </nodeDef>
</nodeDefs>
